,City,Cloudiness,Country,Date,Humidity,Latitude,Longitute,Max Temperature,Wind Speed
0,Albany,1,US,1562201616,57,42.65,-73.75,81.0,3.36
1,Bluff,65,AU,1562201716,66,-23.58,149.07,66.14,19.53
2,New Norfolk,20,AU,1562201718,81,-42.78,147.06,44.6,6.93
3,Souillac,0,FR,1562201719,53,45.6,-0.6,73.99,9.17
4,Rikitea,100,PF,1562201500,81,-23.12,-134.97,65.24,23.98
5,Georgetown,40,GY,1562201698,83,6.8,-58.16,82.4,9.17
6,Khilok,47,RU,1562201723,78,51.36,110.46,61.1,3.09
7,Chodavaram,75,IN,1562201724,78,17.44,81.78,78.8,5.82
8,Orange,1,US,1562201670,47,33.79,-117.85,82.99,11.41
9,Ushuaia,0,AR,1562201726,92,-54.81,-68.31,24.8,12.75
10,Puerto Ayora,40,EC,1562201476,73,-0.74,-90.35,73.4,16.11
11,Rudnichnyy,100,RU,1562201729,98,59.7,60.29,56.6,3.85
12,San Francisco,82,CO,1562201443,99,1.17,-76.88,53.54,1.54
13,Whitianga,100,NZ,1562201731,99,-36.83,175.7,55.0,10.0
14,Vaini,75,IN,1562201733,100,15.34,74.49,71.6,5.82
15,Mataura,71,NZ,1562201734,88,-46.19,168.86,45.0,1.99
16,Busselton,100,AU,1562201735,44,-33.64,115.35,62.01,27.18
17,Storm Lake,1,US,1562201736,78,42.64,-95.21,84.2,8.05
18,Flinders,75,AU,1562201738,100,-34.58,150.85,57.99,10.29
19,Hithadhoo,47,MV,1562201739,78,-0.6,73.08,83.42,11.9
20,Victoria,75,BN,1562201740,100,5.28,115.24,78.01,3.36
21,Bathsheba,40,BB,1562201742,78,13.22,-59.52,82.4,19.46
22,Qaanaaq,74,GL,1562201743,44,77.48,-69.36,47.24,2.57
23,Barrow,79,AR,1562201744,73,-38.31,-60.23,39.32,10.6
24,Udachnyy,90,RU,1562201745,87,66.42,112.4,50.0,6.71
25,Ilulissat,0,GL,1562201747,73,69.22,-51.1,48.2,4.7
26,Araouane,2,ML,1562201748,10,18.9,-3.53,100.34,9.66
27,Itarema,1,BR,1562201749,93,-2.92,-39.92,74.06,5.06
28,Kota Kinabalu,75,MY,1562201751,78,5.98,116.07,80.6,10.29
29,Cabo San Lucas,5,MX,1562201621,54,22.89,-109.91,91.0,11.41
30,Samarai,77,PG,1562201753,75,-10.62,150.67,76.94,6.17
31,Buala,12,SB,1562201653,80,-8.15,159.59,82.34,9.19
32,Punta Arenas,75,CL,1562201755,92,-53.16,-70.91,30.2,6.93
33,Staroaleyskoye,72,RU,1562201757,78,51.01,82.0,62.18,7.23
34,Somerset West,20,ZA,1562201758,93,-34.08,18.85,55.99,8.05
35,Bugiri,100,UG,1562201759,86,0.57,33.75,66.14,6.02
36,Jamestown,0,AU,1562201760,73,-33.21,138.6,49.58,9.86
37,Muromtsevo,17,RU,1562201762,82,56.37,75.24,58.22,6.96
38,Bethel,90,US,1562201497,93,60.79,-161.76,57.2,18.34
39,Hobart,20,AU,1562201764,81,-42.88,147.33,44.6,6.93
40,Koroni,0,GR,1562201765,82,36.8,21.96,77.0,6.82
41,Avera,1,US,1562201767,79,33.19,-82.53,91.0,1.68
42,Urucara,30,BR,1562201768,83,-2.54,-57.76,75.5,2.75
43,Dikson,99,RU,1562201769,82,73.51,80.55,36.62,10.76
44,Terney,98,RU,1562201770,91,45.05,136.61,57.14,2.62
45,Lebu,75,ET,1562201772,93,8.96,38.73,57.2,4.7
46,Pisco,90,PE,1562201773,82,-13.71,-76.2,62.6,10.29
47,Bredasdorp,0,ZA,1562201501,93,-34.53,20.04,55.0,4.7
48,Port Alfred,0,ZA,1562201496,88,-33.59,26.89,57.99,3.0
49,Saint-Pierre,0,FR,1562201776,76,48.95,4.24,62.6,10.29
50,Chimbote,21,PE,1562201778,89,-9.08,-78.59,62.36,11.45
51,Saint-Philippe,1,CA,1562201779,51,45.36,-73.48,82.99,6.93
52,Atuona,92,PF,1562201780,65,-9.8,-139.03,80.72,5.66
53,Saint-Louis,40,SN,1562201782,88,16.03,-16.5,77.0,6.93
54,Leningradskiy,93,RU,1562201783,93,69.38,178.42,37.34,3.8
55,Hilo,90,US,1562201784,65,19.71,-155.08,82.4,13.87
56,Pukhrayan,19,IN,1562201785,49,26.23,79.84,91.34,6.85
57,Hermanus,0,ZA,1562201787,86,-34.42,19.24,55.99,18.9
58,Kapaa,1,US,1562201788,66,22.08,-159.32,84.2,9.17
59,Hit,0,IQ,1562201789,15,33.64,42.83,85.4,14.23
60,Benicarlo,0,ES,1562201790,63,40.42,0.43,66.0,1.01
61,Ostrovnoy,100,RU,1562201792,97,68.05,39.51,46.88,6.29
62,Nueva Helvecia,0,UY,1562201793,78,-34.28,-57.23,39.99,3.0
63,Arraial do Cabo,0,BR,1562201537,88,-22.97,-42.02,66.2,2.24
64,Carnarvon,0,ZA,1562201527,33,-30.97,22.13,44.9,6.98
65,Cape Town,20,ZA,1562201671,93,-33.93,18.42,55.99,8.05
66,Nikolskoye,90,RU,1562201546,93,59.7,30.79,55.0,17.9
67,Pemberton,100,AU,1562201799,88,-34.44,116.03,57.99,5.01
68,Evensk,100,RU,1562201800,89,61.92,159.24,49.04,7.56
69,Markova,0,RU,1562201802,82,52.21,104.21,66.2,15.66
70,Banda Aceh,100,ID,1562201803,77,5.56,95.32,83.96,16.91
71,Mar del Plata,12,AR,1562201804,75,-46.43,-67.52,29.6,5.97
72,Chokurdakh,100,RU,1562201600,75,70.62,147.9,42.02,5.39
73,Salalah,90,OM,1562201807,88,17.01,54.1,82.4,2.24
74,Pasni,18,PK,1562201808,87,25.26,63.48,80.54,3.78
75,Kudahuvadhoo,88,MV,1562201809,73,2.67,72.89,83.06,6.38
76,Fortuna,75,US,1562201810,77,40.6,-124.16,77.0,16.11
77,Bandarbeyla,22,SO,1562201812,47,9.49,50.81,80.72,23.11
78,Deputatskiy,92,RU,1562201813,67,69.3,139.9,44.0,4.25
79,Castro,20,CL,1562201814,100,-42.48,-73.76,37.4,3.36
80,Baruun-Urt,57,MN,1562201815,41,46.68,113.28,72.26,13.47
81,Saldanha,78,PT,1562201817,57,41.42,-6.55,70.1,7.54
82,Grindavik,90,IS,1562201818,93,63.84,-22.43,51.01,9.17
83,Varzea da Palma,0,BR,1562201819,52,-17.6,-44.73,66.68,1.41
84,Mandalgovi,59,MN,1562201820,49,45.76,106.27,66.32,4.34
85,Shimoda,75,JP,1562201822,94,34.7,138.93,75.2,31.09
86,Placido de Castro,14,BR,1562201587,66,-10.34,-67.19,79.1,2.39
87,Opuwo,0,NA,1562201824,27,-18.06,13.84,51.02,6.31
88,Avarua,18,CK,1562201596,69,-21.21,-159.78,73.4,14.99
89,Mizan Teferi,100,ET,1562201826,93,6.99,35.58,60.74,3.96
90,Provideniya,20,RU,1562201828,87,64.42,-173.23,48.2,11.18
91,Dangriga,20,BZ,1562201764,74,16.97,-88.23,86.0,6.93
92,Saint-Georges,0,CA,1562201649,62,46.12,-70.67,73.99,7.14
93,Sangar,0,RU,1562201832,36,63.92,127.47,61.46,3.15
94,Huarmey,0,PE,1562201833,86,-10.07,-78.15,62.9,14.29
95,Miguelopolis,0,BR,1562201834,43,-20.18,-48.03,71.6,6.93
96,Thompson,75,CA,1562201835,55,55.74,-97.86,60.8,11.41
97,Werota,100,ET,1562201837,69,11.92,37.7,71.72,8.63
98,Tuktoyaktuk,75,CA,1562201838,46,69.44,-133.03,69.8,14.99
99,Tuatapere,93,NZ,1562201581,88,-46.13,167.69,45.0,1.99
100,Calama,0,CL,1562201841,24,-22.46,-68.93,55.4,8.05
101,Altay,33,CN,1562201842,53,47.83,88.13,60.2,5.5
102,Khor,80,RU,1562201843,85,47.88,134.96,68.3,10.47
103,Alta Floresta,0,BR,1562201844,78,-9.87,-56.08,75.2,2.24
104,Ulaangom,48,MN,1562201846,43,49.98,92.07,64.34,0.72
105,Bonthe,96,SL,1562201847,90,7.53,-12.5,77.48,6.78
106,Karasjok,100,NO,1562201848,100,69.47,25.52,44.6,9.17
107,Kahului,40,US,1562201850,52,20.89,-156.47,89.6,20.8
108,Yablonovo,0,RU,1562201851,62,50.85,37.36,57.2,6.71
109,Shelburne,1,CA,1562201619,39,44.08,-80.2,81.0,4.7
110,Kaitangata,64,NZ,1562201853,75,-46.28,169.85,45.0,11.01
111,Troitsko-Pechorsk,100,RU,1562201855,94,62.71,56.19,58.22,3.53
112,Sendafa,75,ET,1562201856,93,9.16,39.02,57.2,4.7
113,Issenye,19,CM,1562201857,58,12.51,14.37,86.12,4.47
114,Ahipara,100,NZ,1562201600,92,-35.17,173.16,57.14,36.86
115,Norman Wells,75,CA,1562201860,49,65.28,-126.83,68.0,5.82
116,Narsaq,0,GL,1562201861,50,60.91,-46.05,53.6,5.82
117,Svetlogorsk,20,RU,1562201862,82,53.14,59.15,57.2,8.95
118,Bubaque,100,GW,1562201649,80,11.28,-15.83,80.18,8.99
119,Bacolod,95,PH,1562201865,77,10.68,122.95,80.9,5.12
120,Labuhan,84,ID,1562201866,74,-2.54,115.51,77.12,0.92
121,Caceres,92,CO,1562201868,88,5.53,-74.53,68.48,2.51
122,Binga,0,ZW,1562201869,63,-17.62,27.34,59.12,2.93
123,Debre Tabor,73,ET,1562201870,84,11.86,38.01,59.66,3.74
124,Chuy,20,UY,1562201871,72,-33.69,-53.46,44.54,17.4
125,Klaksvik,100,FO,1562201873,100,62.23,-6.59,50.0,8.05
126,Kavieng,61,PG,1562201874,71,-2.57,150.8,83.42,7.16
127,Hoi An,20,VN,1562201833,52,15.88,108.33,89.6,12.75
128,Quatre Cocos,1,MU,1562201876,86,-20.21,57.76,70.0,6.69
129,Namibe,26,AO,1562201587,82,-15.19,12.15,69.2,9.78
130,Yulara,0,AU,1562201879,34,-25.24,130.99,51.8,12.75
131,Nevers,0,FR,1562201880,63,46.99,3.16,64.4,13.87
132,Kutum,54,SD,1562201881,40,14.2,24.66,81.62,6.49
133,Comodoro Rivadavia,20,AR,1562201883,69,-45.87,-67.48,33.8,5.82
134,Halifax,20,CA,1562201619,77,44.65,-63.58,66.2,6.93
135,Mahibadhoo,89,MV,1562201885,68,3.78,72.97,83.78,6.71
136,Male,2,UA,1562201886,90,50.74,33.7,51.38,5.79
137,Gewane,39,ET,1562201888,51,10.16,40.66,82.52,9.08
138,Hualmay,2,PE,1562201889,84,-11.1,-77.61,62.54,15.01
139,Cacu,38,BR,1562201890,54,-18.56,-51.13,69.74,7.23
140,Bambous Virieux,1,MU,1562201891,86,-20.34,57.76,70.0,6.69
141,Kidal,43,ML,1562201893,22,18.44,1.41,95.48,4.5
142,San Patricio,0,PY,1562201894,71,-26.98,-56.83,44.36,5.41
143,Kirakira,66,SB,1562201895,83,-10.46,161.92,80.72,14.85
144,Baykit,0,RU,1562201896,43,61.68,96.39,68.48,3.18
145,Sorong,93,ID,1562201898,82,-0.86,131.25,78.56,8.25
146,Okhotsk,100,RU,1562201899,93,59.36,143.24,48.14,13.33
147,Harlingen,75,NL,1562201821,87,53.18,5.41,57.2,4.7
148,Pandan,100,PH,1562201902,70,11.72,122.09,83.24,6.22
149,Port Elizabeth,1,US,1562201692,74,39.31,-74.98,84.2,6.93
150,Stettler,100,CA,1562201904,60,52.32,-112.71,60.01,5.99
151,Ribeira Grande,0,PT,1562201905,88,38.52,-28.7,68.48,7.16
152,Yagodnoye,60,RU,1562201907,41,62.52,149.63,64.88,10.54
153,Coihaique,90,CL,1562201908,100,-45.58,-72.07,30.2,1.45
154,Meulaboh,100,ID,1562201909,79,4.14,96.13,81.26,7.54
155,Airai,5,TL,1562201910,55,-8.93,125.41,74.42,2.73
156,Butaritari,8,KI,1562201912,67,3.07,172.79,83.96,2.82
157,Ancud,20,CL,1562201913,100,-41.87,-73.83,37.4,3.36
158,Tiksi,100,RU,1562201914,94,71.64,128.87,37.7,4.61
159,Cabedelo,20,BR,1562201915,100,-6.97,-34.84,75.2,1.12
160,Gat,37,SN,1562201917,88,14.69,-16.54,77.0,6.93
161,Srednekolymsk,100,RU,1562201918,45,67.46,153.71,60.2,3.98
162,Codrington,90,AU,1562201919,88,-28.95,153.24,66.2,8.05
163,Alofi,75,NU,1562201622,69,-19.06,-169.92,78.8,18.34
164,Saskylakh,86,RU,1562201922,64,71.97,114.09,54.44,6.51
165,Camacha,75,PT,1562201923,77,33.08,-16.33,71.6,9.17
166,Kayerkan,0,RU,1562201924,49,69.35,87.76,73.4,6.71
167,Goderich,74,CA,1562201926,85,43.74,-81.71,69.01,6.71
168,Patan,75,NP,1562201927,88,27.67,85.33,75.2,2.24
169,Clyde River,90,CA,1562201928,73,70.47,-68.59,32.0,6.93
170,Iquitos,0,PE,1562201930,83,-3.75,-73.25,80.6,2.17
171,Bajil,0,ES,1562201931,80,38.23,-2.07,52.0,1.01
172,Longyearbyen,40,NO,1562201932,75,78.22,15.63,44.6,11.41
173,Barcelona,0,ES,1562201641,64,41.38,2.18,80.01,3.36
174,Tasiilaq,100,GL,1562201934,75,65.61,-37.64,44.6,10.29
175,Esperance,25,AU,1562201936,62,-33.86,121.89,51.8,21.92
176,Dwarka,40,IN,1562201937,62,28.58,77.04,97.0,5.82
177,Coquimbo,0,CL,1562201938,81,-29.95,-71.34,62.01,16.78
178,Jian,40,IN,1562201939,83,25.65,87.89,82.52,9.86
179,San Carlos,91,NI,1562201941,1,11.12,-84.78,69.01,32.01
180,Upernavik,66,GL,1562201942,83,72.79,-56.15,41.12,8.25
181,Richards Bay,0,ZA,1562201944,67,-28.77,32.06,65.6,11.18
182,Byron Bay,75,AU,1562201945,68,-28.65,153.62,72.0,18.34
183,Saint George,20,GR,1562201946,49,39.45,22.34,71.6,0.6
184,Wembley,75,CA,1562201948,72,55.15,-119.14,59.0,14.99
185,Hasaki,75,JP,1562201949,94,35.73,140.83,77.0,8.05
186,Wenling,100,CN,1562201951,99,28.38,121.38,78.01,1.92
187,Kloulklubed,90,PW,1562201952,83,7.04,134.26,80.6,6.93
188,Zhigansk,50,RU,1562201953,49,66.77,123.37,53.54,9.55
189,Dali,100,CN,1562201955,40,34.79,109.94,78.2,13.18
190,Mlimba,66,TZ,1562201956,71,-8.78,35.81,61.1,4.18
191,Vestmannaeyjar,29,IS,1562201957,79,63.44,-20.27,50.3,9.08
192,Sao Joao da Barra,1,BR,1562201958,64,-21.64,-41.05,72.8,2.53
193,Vardo,1,US,1562201960,74,39.62,-77.74,84.2,1.3
194,Cockburn Town,0,TC,1562201961,78,21.46,-71.14,82.52,15.05
195,Moranbah,43,AU,1562201962,71,-22.0,148.04,66.32,21.5
196,Husum,50,DE,1562201963,87,54.49,9.05,52.0,5.82
197,Torbay,90,CA,1562201965,87,47.66,-52.73,53.01,13.87
198,Ilula,0,TZ,1562201966,69,-7.68,36.04,58.4,12.26
199,Vila Velha,40,BR,1562201967,88,-3.71,-38.6,77.0,4.7
200,Kamina,0,CD,1562201969,50,-8.74,25.0,63.26,5.23
201,Phonhong,90,LA,1562201970,100,18.5,102.42,75.2,2.24
202,Isangel,90,VU,1562201971,74,-19.55,169.27,78.8,9.17
203,Hobyo,87,SO,1562201973,70,5.35,48.53,76.76,23.58
204,Tetouan,75,MA,1562201872,72,35.57,-5.37,68.0,6.93
205,Doha,0,QA,1562201799,84,25.29,51.53,87.8,3.36
206,Los Llanos de Aridane,75,ES,1562201976,73,28.66,-17.92,69.8,16.11
207,Cheremukhovo,0,RU,1562201978,90,56.23,46.23,50.66,5.5
208,Prainha,36,BR,1562201979,94,-1.8,-53.48,75.32,2.84
209,Oussouye,0,SN,1562201980,83,12.49,-16.54,82.4,2.24
210,Verkhoyansk,86,RU,1562201981,63,67.55,133.39,48.5,9.66
211,Bengbu,98,CN,1562201983,62,32.92,117.38,79.82,5.68
212,Khasan,100,RU,1562201984,94,42.43,130.64,62.72,3.8
213,Lavrentiya,0,RU,1562201985,50,65.58,-170.99,63.98,15.41
214,Straumen,90,NO,1562201986,93,63.87,11.3,44.01,4.7
215,Khatanga,92,RU,1562201988,85,71.98,102.47,56.24,8.55
216,Abu Zabad,60,SD,1562201989,69,12.35,29.25,78.56,13.78
217,Mareeba,90,AU,1562201990,73,-16.99,145.42,75.0,18.34
218,Puerto Leguizamo,43,CO,1562201992,95,-0.19,-74.78,73.34,4.56
219,Huanren,19,CN,1562201993,62,41.26,125.37,71.0,3.67
220,Shumskiy,27,RU,1562201994,88,54.83,99.13,62.9,2.62
221,Krasnokamensk,46,RU,1562201995,33,50.1,118.04,76.58,8.59
222,Yicheng,100,CN,1562201997,49,31.71,112.27,80.54,3.2
223,Severobaykalsk,0,RU,1562201998,47,55.65,109.32,50.48,12.3
224,Rio Gallegos,0,AR,1562201999,92,-51.62,-69.22,24.8,4.7
225,Nioki,100,CD,1562202000,54,-2.72,17.69,82.52,3.96
226,Ewa Beach,75,US,1562202002,52,21.32,-158.01,87.8,6.93
227,Bereda,0,ES,1562202004,88,43.27,-7.54,66.99,2.24
228,Sampit,100,ID,1562202005,98,-2.54,112.95,75.14,1.34
229,Santa Rosa,96,AR,1562202006,85,-36.62,-64.29,43.1,10.76
230,Jizan,0,SA,1562202007,70,16.89,42.56,91.4,3.36
231,Turhal,0,TR,1562202009,82,40.38,36.08,57.2,3.36
232,Pombas,4,BR,1562202010,59,-15.9,-54.74,72.44,3.18
233,Batemans Bay,52,AU,1562202011,86,-35.71,150.18,57.99,7.0
234,Ponta do Sol,53,BR,1562202012,61,-20.63,-46.0,64.34,5.48
235,Marawi,34,PH,1562202014,79,8.0,124.29,81.0,1.99
236,Ranau,75,MY,1562202015,78,5.95,116.67,80.6,10.29
237,Grand Gaube,20,MU,1562201920,86,-20.01,57.66,70.0,9.84
238,Yellowknife,90,CA,1562201887,71,62.45,-114.38,57.2,13.87
239,Naze,100,NG,1562202019,98,5.43,7.07,72.8,3.24
240,Kandrian,51,PG,1562202020,73,-6.21,149.55,81.44,9.89
241,East London,0,ZA,1562202021,68,-33.02,27.91,51.92,3.09
242,Aripuana,49,BR,1562201926,65,-9.17,-60.63,78.92,1.21
243,Kruisfontein,0,ZA,1562202024,83,-34.0,24.73,49.94,2.37
244,Nelson Bay,75,AU,1562202025,77,-32.72,152.14,66.0,14.99
245,Leh,0,IN,1562202026,46,34.16,77.58,34.28,3.04
246,Talnakh,0,RU,1562202028,49,69.49,88.39,73.4,6.71
247,Yenagoa,100,NG,1562202029,96,4.92,6.26,74.42,4.12
248,Jacareacanga,94,BR,1562202030,81,-6.22,-57.76,76.4,1.66
249,Jeremie,75,HT,1562202032,83,18.65,-74.12,79.46,7.18
250,Polunochnoye,100,RU,1562202033,96,60.87,60.43,56.78,2.89
251,Cherskiy,88,RU,1562202034,51,68.75,161.3,54.44,7.81
252,Pangoa,5,PE,1562202035,78,-12.12,-73.0,72.98,1.05
253,Padang,80,ID,1562202037,77,-0.92,100.36,81.44,5.79
254,Tual,63,ID,1562202038,79,-5.67,132.75,77.84,19.28
255,Mason City,40,US,1562202039,78,43.15,-93.2,82.0,3.36
256,Mahebourg,1,MU,1562201856,86,-20.41,57.7,70.0,6.69
257,Corinto,40,CO,1562202017,65,3.17,-76.26,78.8,8.05
258,Komsomolskiy,22,RU,1562202043,66,67.55,63.78,70.28,9.95
259,Panaba,0,MX,1562201954,79,21.28,-88.27,81.8,12.21
260,Myitkyina,82,MM,1562202045,96,25.38,97.4,75.14,1.7
261,Voyvozh,100,RU,1562202047,98,62.89,54.96,58.22,5.35
262,Batticaloa,98,LK,1562202048,83,7.71,81.69,74.6,1.7
263,Champerico,90,MX,1562202049,55,16.38,-93.6,87.8,3.36
264,Pesqueira,36,BR,1562202051,97,-8.36,-36.7,65.6,3.83
265,Sao Filipe,78,CV,1562202052,88,14.9,-24.5,73.52,13.71
266,San Carlos del Zulia,12,VE,1562202053,83,9.0,-71.91,79.64,6.69
267,Jackville,20,CI,1562202055,94,5.21,-4.42,78.8,5.82
268,Almaznyy,0,RU,1562202056,59,48.03,40.04,64.4,1.03
269,Woodstock,40,CA,1562201880,57,43.13,-80.75,80.6,9.17
270,Anamur,0,TR,1562202058,93,36.08,32.84,66.2,3.36
271,Aksu,75,KZ,1562202060,63,52.04,76.93,64.4,8.95
272,Tommot,100,RU,1562202061,83,58.97,126.27,47.6,5.88
273,Bida,87,NG,1562202062,89,9.08,6.02,77.48,3.24
274,Haines Junction,100,CA,1562202064,49,60.75,-137.51,64.88,4.59
275,Noyabrsk,52,RU,1562202065,52,63.2,75.45,71.0,11.77
276,Luganville,75,VU,1562202066,74,-15.51,167.18,84.2,4.7
277,Agadir,0,MA,1562202068,82,30.42,-9.58,64.4,3.36
278,Kallithea,0,GR,1562202069,40,37.96,23.7,79.0,4.7
279,College,75,US,1562202004,44,64.86,-147.8,79.0,10.29
280,Hay River,75,CA,1562202071,71,60.82,-115.79,57.2,4.7
281,Sucua,97,EC,1562202073,99,-2.46,-78.17,51.38,2.08
282,Sitka,0,US,1562201957,52,37.17,-99.65,90.0,15.01
283,Touros,75,BR,1562202075,100,-5.2,-35.46,75.2,3.36
284,Zakamensk,100,RU,1562202076,97,50.38,103.29,54.44,4.09
285,Leshukonskoye,88,RU,1562202078,97,64.9,45.76,54.98,3.42
286,Puerto Escondido,75,MX,1562202079,70,15.86,-97.07,84.2,5.37
287,Nanortalik,1,GL,1562201916,79,60.14,-45.24,40.94,3.09
288,Suntar,53,RU,1562202081,48,62.16,117.65,55.7,6.49
289,Severo-Kurilsk,100,RU,1562202083,98,50.68,156.12,42.2,10.51
290,Cochrane,88,CL,1562202084,94,-47.25,-72.57,18.44,2.57
291,Ruteng,99,ID,1562202085,75,-8.61,120.46,74.78,4.9
292,Yanam,75,IN,1562202086,78,16.73,82.22,78.8,5.82
293,Shambu,78,ET,1562202088,98,9.57,37.1,55.16,1.52
294,San Vicente,20,EC,1562202089,83,-0.59,-80.41,75.2,9.17
295,Port Lincoln,0,AU,1562202090,78,-34.72,135.86,56.24,14.5
296,Exeter,0,GB,1562201898,93,50.73,-3.53,55.99,1.12
297,Laguna,40,BZ,1562201958,70,16.17,-88.94,84.2,4.7
298,Faanui,83,PF,1562202094,75,-16.48,-151.75,76.22,31.61
299,Methoni,0,GR,1562202095,82,36.82,21.7,75.99,6.82
300,Curup,100,ID,1562202096,98,-3.47,102.53,67.22,3.47
301,Zhangye,0,CN,1562202098,23,38.94,100.46,75.14,9.51
302,Mecca,0,SA,1562201926,54,21.43,39.83,78.2,5.1
303,Dombarovskiy,0,RU,1562202100,91,50.76,59.54,58.76,8.5
304,Requena,0,ES,1562202102,64,39.49,-1.1,73.4,4.7
305,Dalvik,12,SE,1562202103,93,57.79,14.13,46.99,9.17
306,Maniitsoq,36,GL,1562201962,72,65.42,-52.9,44.72,3.29
307,Pontes e Lacerda,44,BR,1562202105,82,-15.23,-59.33,70.1,3.53
308,Cayenne,0,GF,1562202107,94,4.94,-52.33,77.0,4.03
309,Moroni,0,GR,1562202108,60,35.09,24.92,73.0,5.82
310,Dunedin,63,NZ,1562202109,57,-45.87,170.5,52.0,14.0
311,Brigantine,1,US,1562202110,83,39.41,-74.36,82.4,4.7
312,Geraldton,40,CA,1562202112,44,49.72,-86.95,78.8,5.82
313,Santa Cruz de la Palma,75,ES,1562202113,73,28.68,-17.76,69.8,16.11
314,San Quintin,100,PH,1562202114,82,17.54,120.52,80.54,2.55
315,Along,100,IN,1562202116,96,28.17,94.8,62.18,1.66
316,San Cristobal,0,HN,1562202117,49,14.68,-86.92,76.4,9.89
317,Rawson,46,AR,1562201964,74,-43.3,-65.11,33.02,14.83
318,Kasongo-Lunda,32,CD,1562202120,39,-6.48,16.82,67.4,0.94
319,Lazaro Cardenas,75,MX,1562202121,22,28.39,-105.62,89.6,10.29
320,Porto Novo,0,BR,1562202122,64,-23.68,-45.44,68.0,2.24
321,Monrovia,75,LR,1562202123,94,6.33,-10.8,77.0,3.36
322,Katsuura,75,JP,1562202125,83,33.93,134.5,78.8,4.7
323,Olinda,90,AU,1562202126,93,-37.84,145.39,54.0,5.82
324,Kaeo,100,NZ,1562202127,96,-35.1,173.78,55.99,5.99
325,Beaufort,75,MY,1562202129,100,5.36,115.76,80.01,3.36
326,Inhambane,0,MZ,1562202130,85,-23.87,35.38,56.6,1.81
327,Korem,83,ET,1562202131,60,12.51,39.52,62.9,4.76
328,Calvia,0,ES,1562202132,69,39.57,2.51,75.2,4.7
329,Poum,2,MK,1562201970,77,41.28,20.71,62.36,3.65
330,San Juan,0,AR,1562202135,42,-31.54,-68.53,40.4,1.01
331,Wilmington,90,US,1562201915,65,39.75,-75.55,84.0,5.03
332,Broken Hill,0,AU,1562202137,71,-31.97,141.45,50.0,11.41
333,Palmer,75,AU,1562202139,66,-34.85,139.16,57.0,3.36
334,Paamiut,1,GL,1562201993,80,61.99,-49.67,42.56,6.91
335,Ban Phai,75,TH,1562202141,100,16.55,102.46,73.4,4.7
336,Luderitz,0,NA,1562202142,81,-26.65,15.16,53.6,4.7
337,Pachino,0,IT,1562202144,49,36.72,15.09,73.99,4.7
338,Palu,50,ID,1562202145,76,-0.9,119.87,78.02,2.48
339,Itoman,75,JP,1562202015,83,26.12,127.67,84.2,12.75
340,Dingle,97,PH,1562202147,78,11.0,122.67,80.72,5.12
341,Mitu,0,IR,1562202149,52,36.2,46.09,57.32,0.34
342,Mangrol,100,IN,1562202150,60,25.33,76.51,88.1,3.85
343,Mmabatho,0,ZA,1562202151,44,-25.85,25.61,37.4,3.36
344,Severnoye,0,RU,1562202152,91,54.09,52.54,56.06,3.78
345,ChengDe,0,CN,1562202154,33,40.97,117.93,79.46,0.07
346,Gamba,100,CN,1562202155,71,28.28,88.52,42.92,1.97
347,Fairbanks,75,US,1562201990,44,64.84,-147.72,79.0,10.29
348,Prata,21,BR,1562202157,54,-19.31,-48.92,67.58,5.44
349,Mount Gambier,90,AU,1562202159,81,-37.83,140.78,51.8,13.87
350,San Andres,69,PH,1562202140,75,13.32,122.68,82.88,1.77
351,Vila Franca do Campo,40,PT,1562201934,77,37.72,-25.43,68.0,6.93
352,Iqaluit,75,CA,1562202162,86,63.75,-68.52,41.0,16.11
353,Rapid Valley,90,US,1562202164,100,44.06,-103.15,66.2,16.11
354,Gizo,20,IL,1562202165,78,31.8,34.94,75.2,4.7
355,Iwanai,99,JP,1562202166,64,42.97,140.51,71.18,3.87
356,Atbasar,48,KZ,1562202168,95,51.81,68.36,52.1,8.03
357,Yermakovskoye,78,RU,1562202169,83,53.28,92.4,60.02,1.66
358,Tanete,0,ID,1562202170,76,-3.94,119.78,80.36,15.79
359,Lompoc,75,US,1562202000,82,34.64,-120.46,77.0,18.34
360,Buzdyak,0,RU,1562202173,93,54.57,54.53,54.8,7.11
361,Turukhansk,9,RU,1562202174,69,65.8,87.96,73.7,4.36
362,Chapais,40,CA,1562202175,41,49.78,-74.86,78.8,3.36
363,Nouadhibou,0,MR,1562201988,73,20.93,-17.03,69.8,20.8
364,Bilibino,99,RU,1562201987,50,68.06,166.44,52.82,4.74
365,Taraz,10,KZ,1562202179,55,42.89,71.39,62.6,3.11
366,Bekhtery,68,UA,1562202180,71,46.25,32.3,72.44,13.89
367,Novo Aripuana,84,BR,1562202182,66,-5.12,-60.38,80.9,3.04
368,Penzance,0,GB,1562202183,93,50.12,-5.53,60.01,9.17
369,Nuuk,1,GL,1562202074,58,64.17,-51.74,53.6,9.17
370,Lichinga,28,MZ,1562202185,69,-13.3,35.25,66.32,5.44
371,Monte Alegre de Minas,0,BR,1562202187,43,-18.87,-48.88,69.8,5.82
372,Copiapo,90,CL,1562202188,76,-27.37,-70.33,53.6,10.29
373,Portland,1,US,1562202165,50,43.66,-70.25,78.8,5.82
374,Chesapeake,40,US,1562202190,78,36.72,-76.25,86.0,9.28
375,Kodiak,1,US,1562201944,25,39.95,-94.76,86.0,10.29
376,Westport,20,US,1562201943,57,41.14,-73.36,81.0,1.74
377,Madang,29,CN,1562202194,78,35.32,102.79,44.72,3.76
378,Hofn,100,IS,1562201958,98,64.25,-15.21,40.76,1.88
379,Coelho Neto,64,BR,1562202197,75,-4.25,-43.02,76.4,4.38
380,Wuzhou,62,CN,1562202198,94,23.48,111.3,78.56,4.76
381,Tampere,0,FI,1562202199,87,61.5,23.76,46.0,8.05
382,Aklavik,90,CA,1562202200,38,68.22,-135.01,73.4,8.05
383,Porto-Vecchio,20,FR,1562202202,88,41.59,9.28,75.2,4.7
384,Umm Lajj,0,SA,1562202203,72,25.02,37.27,85.4,12.62
385,Mazyr,0,BY,1562202204,92,52.05,29.27,49.22,5.91
386,Naushki,100,RU,1562202206,70,50.39,106.11,67.94,5.14
387,Prieska,0,ZA,1562202207,37,-29.67,22.74,43.1,2.19
388,Lagoa,0,PT,1562202208,77,37.14,-8.45,64.99,6.93
389,Cairns,90,AU,1562202071,73,-16.92,145.77,75.0,18.34
390,Wichita Falls,1,US,1562202046,49,33.91,-98.49,93.2,18.34
391,Santa Maria del Oro,64,MX,1562202212,37,25.95,-105.37,76.04,2.55
392,Derzhavinsk,35,KZ,1562202213,88,51.1,66.31,57.32,9.33
393,Lerwick,100,GB,1562202214,93,60.15,-1.15,51.8,16.11
394,Dongsheng,98,CN,1562202216,79,29.72,112.52,80.72,5.14
395,Careiro da Varzea,40,BR,1562202217,74,-3.2,-59.81,82.4,3.36
396,Pangnirtung,99,CA,1562202218,45,66.15,-65.72,50.84,5.64
397,Batie,0,FR,1562202220,82,45.06,5.82,69.01,3.36
398,Namie,75,JP,1562202221,100,37.52,140.86,69.01,5.82
399,Bojnurd,0,IR,1562202222,42,37.47,57.33,66.2,4.7
400,Were Ilu,3,ET,1562202223,64,10.6,39.43,63.8,3.87
401,Naantali,0,FI,1562202225,93,60.45,22.03,53.01,3.36
402,Sompeta,100,IN,1562202154,79,18.93,84.6,79.46,2.86
403,Vao,100,EE,1562202227,59,59.1,26.19,52.64,9.22
404,Haian,100,CN,1562202229,64,32.53,120.46,84.99,7.31
405,Keningau,75,MY,1562202230,78,5.33,116.16,80.6,10.29
406,Ciudad Bolivar,65,VE,1562202231,59,8.12,-63.55,83.6,4.9
407,Homer,1,US,1562202232,67,59.64,-151.54,78.01,10.29
408,Guangyuan,98,CN,1562202234,89,32.43,105.86,63.62,3.31
409,San Martin,1,US,1562202235,49,37.08,-121.61,80.01,11.41
410,Etchojoa,75,MX,1562202236,30,26.91,-109.62,95.0,9.17
411,Kotelnikovo,2,RU,1562202237,68,47.63,43.14,71.72,8.66
412,Jacmel,2,HT,1562202239,98,18.24,-72.54,73.99,9.95
413,Beatrice,1,US,1562202240,62,40.27,-96.75,86.0,11.41
414,Nurota,0,UZ,1562202241,42,40.56,65.69,62.6,4.7
415,Kholodnyy,100,RU,1562202242,54,62.72,147.95,56.78,18.34
416,Biak,93,ID,1562202244,93,-0.91,122.88,65.42,3.94
417,Aden,86,YE,1562202245,60,12.79,45.03,87.38,11.74
418,Mapastepec,100,MX,1562202246,82,15.44,-92.9,81.62,2.91
419,Tilichiki,100,RU,1562202247,58,60.47,166.1,63.62,6.53
420,San Carlos de Bariloche,75,AR,1562202249,74,-41.13,-71.31,35.6,9.17
421,Canico,40,PT,1562202250,60,32.63,-16.85,71.6,2.24
422,Maceio,20,BR,1562202251,94,-9.67,-35.74,73.4,4.7
423,Faya,0,SA,1562202253,30,18.39,42.45,69.8,5.39
424,Burns Lake,100,CA,1562202221,94,54.23,-125.76,49.94,5.79
425,Porbandar,41,IN,1562202255,85,21.64,69.61,82.16,9.8
426,Christchurch,90,NZ,1562202224,71,-43.53,172.64,53.01,16.11
427,Caravelas,17,BR,1562202258,87,-17.73,-39.27,74.78,12.21
428,Vanimo,95,PG,1562202259,69,-2.67,141.3,81.26,1.45
429,Kortkeros,40,RU,1562202260,100,61.81,51.56,57.99,3.42
430,La Asuncion,0,AR,1562202261,87,-26.05,-65.39,40.22,1.66
431,Harnosand,17,SE,1562202263,93,62.63,17.94,46.0,3.36
432,Port Hardy,75,CA,1562202264,68,50.7,-127.42,64.4,10.29
433,Skibbereen,0,IE,1562202265,87,51.55,-9.27,51.8,1.12
434,Hambantota,40,LK,1562202267,100,6.12,81.12,78.8,6.93
435,Nisia Floresta,75,BR,1562202268,100,-6.09,-35.21,75.2,3.36
436,Puerto Colombia,20,CO,1562202269,83,10.99,-74.96,80.6,9.17
437,Hokitika,0,NZ,1562202270,65,-42.72,170.96,50.66,1.39
438,Camapua,93,BR,1562202272,75,-19.53,-54.04,68.66,10.67
439,Gambiran,59,ID,1562202273,85,-7.93,111.77,71.9,1.07
440,Makakilo City,90,US,1562202235,69,21.35,-158.09,87.8,5.82
441,Miri,100,NG,1562202276,79,10.31,9.75,74.78,3.74
442,Ufimskiy,100,RU,1562202277,98,56.71,58.05,53.9,4.32
443,Taoudenni,0,ML,1562202278,14,22.68,-3.98,99.8,9.24
444,Montepuez,69,MZ,1562202280,86,-13.13,39.0,65.96,7.47
445,Qaqortoq,0,GL,1562202281,50,60.72,-46.03,53.6,5.82
446,Saint Andrews,0,NZ,1562202282,60,-44.53,171.19,51.01,4.0
447,Diamantino,98,BR,1562202012,49,-14.4,-56.44,79.28,4.38
448,Vero Beach,1,US,1562202285,74,27.64,-80.4,86.0,8.05
449,Aubiere,0,FR,1562202286,52,45.75,3.11,68.0,3.36
450,Bunia,81,CD,1562202287,98,1.56,30.25,63.98,0.45
451,Karratha,41,AU,1562202289,51,-20.74,116.85,69.56,6.44
452,Kangaba,89,ML,1562202290,73,11.94,-8.41,78.74,7.74
453,Zhangjiakou,34,CN,1562202291,36,40.77,114.88,69.56,5.61
454,Ternate,40,PH,1562202292,74,14.29,120.72,89.01,4.7
455,Macomb,90,US,1562202006,83,40.46,-90.67,86.0,23.04
456,Semme,0,FR,1562202295,60,46.2,1.5,68.0,11.41
457,Dong Xoai,99,VN,1562202296,95,11.53,106.92,74.42,5.39
458,Broome,2,GB,1562202297,87,52.47,1.45,53.6,2.37
459,Kyzyl-Suu,100,KG,1562202299,67,42.34,78.0,63.62,12.33
460,Lieksa,11,FI,1562202300,68,63.32,30.02,47.78,8.01
461,Nola,90,CF,1562202301,97,3.52,16.05,69.74,1.43
462,Brasilia,40,BR,1562202220,78,-10.9,-37.55,80.6,6.93
463,Concepcion del Oro,100,MX,1562202304,39,24.63,-101.42,72.62,9.1
464,Lewisville,40,US,1562202184,55,33.05,-96.99,88.0,17.22
465,San Lazaro,20,BZ,1562202306,74,18.04,-88.66,87.8,6.93
466,Siavonga,0,ZW,1562202307,65,-16.54,28.71,65.42,4.0
467,Petropavlovsk-Kamchatskiy,75,RU,1562202309,87,53.05,158.65,53.6,6.71
468,Sawakin,0,SD,1562202310,18,19.1,37.33,88.1,9.84
469,Pervomayskiy,22,RU,1562202311,87,53.24,40.29,52.1,9.35
470,Berlevag,100,NO,1562202312,97,70.86,29.09,43.46,15.43
471,Yako,58,BF,1562202314,35,12.96,-2.26,89.0,7.61
472,Abdanan,0,IR,1562202315,13,32.99,47.42,78.2,9.22
473,Allapalli,100,IN,1562202316,94,19.43,80.06,74.96,3.6
474,Half Moon Bay,75,US,1562202317,82,37.46,-122.43,72.0,9.17
475,Adrar,2,DZ,1562202319,13,27.87,-0.29,95.0,8.05
476,Chuncheng,93,CN,1562202308,73,22.17,111.79,86.0,1.21
477,Alenquer,0,BR,1562202321,94,-1.95,-54.74,78.8,4.0
478,Demba,8,CD,1562202322,47,-5.47,22.27,70.46,2.86
479,Sayyan,81,YE,1562202324,46,15.17,44.32,78.02,3.11
480,Te Anau,48,NZ,1562202325,87,-45.41,167.72,41.3,4.07
481,Arroio dos Ratos,0,BR,1562202100,61,-30.09,-51.73,50.0,12.75
482,Harvard,1,US,1562202327,58,40.62,-98.1,84.99,8.05
483,Coihueco,92,CL,1562202329,100,-36.63,-71.83,46.4,3.36
484,Shilovo,0,RU,1562202330,66,51.55,39.09,53.6,6.71
485,Kysyl-Syr,23,RU,1562202331,53,63.9,122.77,55.16,9.6
486,Gonbad-e Qabus,0,IR,1562202332,78,37.25,55.17,71.6,4.7
487,Pasighat,99,IN,1562202334,97,28.06,95.33,71.9,2.48
488,Waynesville,1,US,1562202335,74,37.83,-92.2,78.8,6.93
489,Deloraine,0,AU,1562202336,86,-41.53,146.66,48.0,4.7
490,Port Shepstone,0,ZA,1562202337,61,-30.74,30.45,52.64,6.31
491,Saint-Francois,0,FR,1562202255,72,46.42,3.91,60.8,2.55
492,Sabha,0,LY,1562202340,13,27.03,14.43,88.64,7.58
493,Cidreira,0,BR,1562202239,59,-30.17,-50.22,49.04,11.43
494,Tiarei,40,PF,1562202343,54,-17.53,-149.33,80.6,4.7
495,Port-Gentil,100,GA,1562202344,84,-0.72,8.78,74.42,11.68
496,Zalesovo,90,RU,1562202345,95,54.0,84.74,60.74,7.09
497,Krasnopavlivka,83,UA,1562202347,80,49.15,36.33,57.5,5.86
498,Pitea,53,SE,1562202348,87,65.32,21.48,48.99,3.36
499,Normandin,40,CA,1562202349,60,48.84,-72.53,73.4,3.36
500,Kavaratti,100,IN,1562202350,82,10.57,72.64,82.16,17.22
501,Sao Jose da Coroa Grande,0,BR,1562202352,94,-8.9,-35.15,72.08,3.44
502,Bima,75,ID,1562202353,88,-8.45,118.73,72.08,3.13
503,Shingu,75,JP,1562202354,94,33.72,135.99,73.4,3.36
504,Rundu,2,NA,1562202355,32,-17.91,19.77,53.6,2.24
505,Bixby,1,US,1562202284,74,35.94,-95.88,84.99,9.91
506,Brockville,1,CA,1562202064,83,44.59,-75.69,80.01,3.71
507,Pevek,100,RU,1562202359,98,69.7,170.27,32.3,3.22
508,Pangai,75,TO,1562202360,69,-19.8,-174.35,78.8,17.22
509,Lorengau,3,PG,1562202362,76,-2.02,147.27,82.16,5.5
510,Demir Kapija,80,MK,1562202363,92,41.41,22.24,73.0,2.01
511,Motygino,28,RU,1562202364,53,58.18,94.69,70.1,5.82
512,Correntina,12,BR,1562202365,50,-13.34,-44.63,67.22,2.1
513,Hirara,75,JP,1562202367,89,24.8,125.28,84.2,13.87
514,Nemuro,75,JP,1562202181,88,43.32,145.57,62.6,4.7
515,Guerrero Negro,0,MX,1562202306,83,27.97,-114.04,66.14,17.45
516,Sechura,5,PE,1562202370,84,-5.56,-80.82,65.06,14.99
517,Sioux Lookout,75,CA,1562202372,44,50.1,-91.92,75.2,5.82
518,Ixtapa,40,MX,1562202373,35,20.71,-105.21,87.8,11.41
519,Sistranda,75,NO,1562202156,93,63.73,8.83,45.0,14.99
520,Dubovka,0,RU,1562202376,63,49.06,44.83,64.4,6.71
521,Progreso,40,UY,1562202377,65,-34.68,-56.22,48.99,11.41
522,Yuci,0,CN,1562202378,51,37.68,112.73,80.6,4.47
523,Mragowo,14,PL,1562202379,89,53.86,21.31,46.34,10.09
524,Roros,100,NO,1562202381,93,62.57,11.38,39.2,3.36
525,Ilovlya,0,RU,1562202382,63,49.31,43.98,64.4,6.71
526,La Esperanza,40,CO,1562202383,88,7.64,-73.33,71.6,4.7
527,Skjervoy,100,NO,1562202385,96,70.03,20.97,45.98,3.33
528,Parana,40,BR,1562202386,88,-7.52,-72.89,78.8,2.3
529,Mantua,20,IT,1562202387,88,45.16,10.79,72.0,2.24
530,Sinnamary,0,GF,1562202388,81,5.38,-52.96,80.54,12.39
531,Haflong,82,IN,1562202390,86,25.18,93.03,77.3,1.57
